position,lowerbound,upperbound,response frequency
1,0.03,0.16,0.07
2,0.03,0.12,0.06
3,0.04,0.11,0.06
4,0.05,0.13,0.08
5,0.06,0.14,0.09
6,0.07,0.13,0.1
7,0.07,0.13,0.1
8,0.08,0.14,0.1
9,0.08,0.14,0.11
10,0.08,0.13,0.1
11,0.08,0.13,0.1
12,0.07,0.12,0.09
13,0.07,0.12,0.09
14,0.08,0.13,0.1
15,0.08,0.13,0.1
16,0.08,0.12,0.1
17,0.08,0.12,0.09
18,0.08,0.12,0.1
19,0.07,0.11,0.09
20,0.07,0.11,0.08
21,0.06,0.1,0.08
22,0.06,0.09,0.07
23,0.06,0.09,0.07
24,0.06,0.1,0.08
25,0.06,0.1,0.08
26,0.06,0.1,0.08
27,0.05,0.09,0.07
28,0.05,0.08,0.06
29,0.04,0.07,0.05
30,0.03,0.06,0.05
31,0.03,0.07,0.05
32,0.03,0.07,0.05
33,0.03,0.07,0.05
34,0.03,0.06,0.05
35,0.03,0.06,0.04
36,0.03,0.06,0.04
37,0.02,0.05,0.03
38,0.02,0.04,0.03
39,0.02,0.04,0.03
40,0.01,0.04,0.02
41,0.02,0.04,0.03
42,0.02,0.05,0.03
43,0.02,0.04,0.03
44,0.01,0.03,0.02
45,0.01,0.03,0.02
46,0.01,0.03,0.02
47,0.01,0.03,0.02
48,0.01,0.03,0.01
49,0.01,0.03,0.01
50,0.01,0.03,0.01
51,0.01,0.02,0.01
52,0.01,0.02,0.01
53,0.0,0.02,0.01
54,0.0,0.01,0.0
55,0.0,0.01,0.0
56,0.0,0.01,0.0
57,0.0,0.01,0.0
58,0.0,0.01,0.0
59,0.0,0.01,0.0
60,0.0,0.01,0.0
61,0.0,0.01,0.0
62,0.0,0.01,0.01
63,0.0,0.01,0.01
64,0.0,0.01,0.01
65,0.0,0.01,0.01
66,0.0,0.01,0.01
67,0.0,0.01,0.01
68,0.0,0.01,0.01
69,0.0,0.01,0.0
70,0.0,0.01,0.0
71,0.0,0.01,0.0
72,0.0,0.01,0.0
73,0.0,0.01,0.0
74,0.0,0.01,0.0
75,0.0,0.01,0.0
76,0.0,0.01,0.0
77,0.0,0.01,0.0
78,0.0,0.01,0.0
79,0.0,0.01,0.0
80,0.0,0.01,0.0
81,0.0,0.01,0.01
82,0.0,0.02,0.01
83,0.01,0.03,0.01
84,0.01,0.03,0.02
85,0.02,0.05,0.03
86,0.02,0.05,0.03
87,0.02,0.05,0.03
88,0.03,0.06,0.04
89,0.03,0.06,0.04
90,0.03,0.05,0.04
91,0.03,0.06,0.04
92,0.03,0.05,0.04
93,0.02,0.05,0.04
94,0.02,0.05,0.03
95,0.02,0.04,0.03
96,0.01,0.03,0.02
97,0.01,0.02,0.01
98,0.0,0.02,0.01
99,0.0,0.02,0.01
100,0.0,0.01,0.0
101,0.0,0.01,0.0
102,0.0,0.01,0.0
103,0.0,0.01,0.0
104,0.0,0.01,0.0
105,0.0,0.01,0.0
106,0.0,0.01,0.0
107,0.0,0.01,0.0
108,0.0,0.01,0.0
109,0.0,0.01,0.0
110,0.0,0.01,0.01
111,0.0,0.01,0.01
112,0.0,0.01,0.01
113,0.0,0.01,0.01
114,0.0,0.02,0.01
115,0.0,0.02,0.01
116,0.0,0.01,0.01
117,0.0,0.01,0.01
118,0.0,0.01,0.01
119,0.0,0.02,0.01
120,0.0,0.02,0.01
121,0.01,0.02,0.01
122,0.0,0.02,0.01
123,0.0,0.02,0.01
124,0.0,0.02,0.01
125,0.0,0.02,0.01
126,0.0,0.02,0.01
127,0.0,0.02,0.01
128,0.0,0.02,0.01
129,0.0,0.02,0.01
130,0.0,0.02,0.01
131,0.0,0.02,0.01
132,0.0,0.02,0.01
133,0.0,0.02,0.01
134,0.0,0.01,0.01
135,0.0,0.02,0.01
136,0.01,0.03,0.02
137,0.01,0.03,0.02
138,0.01,0.04,0.02
139,0.02,0.04,0.03
140,0.02,0.05,0.03
141,0.02,0.05,0.03
142,0.03,0.06,0.04
143,0.03,0.06,0.04
144,0.03,0.07,0.05
145,0.04,0.07,0.05
146,0.04,0.07,0.05
147,0.04,0.08,0.06
148,0.04,0.08,0.06
149,0.04,0.08,0.06
150,0.04,0.08,0.05
151,0.03,0.07,0.05
152,0.03,0.06,0.04
153,0.03,0.06,0.04
154,0.02,0.05,0.04
155,0.02,0.05,0.03
156,0.02,0.04,0.03
157,0.02,0.04,0.03
158,0.02,0.04,0.03
159,0.01,0.03,0.02
160,0.01,0.02,0.01
161,0.01,0.02,0.01
162,0.01,0.02,0.01
163,0.01,0.02,0.01
164,0.01,0.02,0.01
165,0.0,0.02,0.01
166,0.0,0.02,0.01
167,0.0,0.02,0.01
168,0.0,0.02,0.01
169,0.0,0.01,0.0
170,0.0,0.01,0.0
171,0.0,0.01,0.0
172,0.0,0.01,0.0
173,0.0,0.01,0.0
174,0.0,0.01,0.0
175,0.0,0.01,0.01
176,0.0,0.02,0.01
177,0.0,0.02,0.01
178,0.0,0.02,0.01
179,0.0,0.02,0.01
180,0.0,0.02,0.01
181,0.0,0.02,0.01
182,0.0,0.02,0.01
183,0.0,0.02,0.01
184,0.0,0.02,0.01
185,0.0,0.02,0.01
186,0.01,0.02,0.01
187,0.01,0.03,0.02
188,0.01,0.03,0.02
189,0.01,0.04,0.02
190,0.02,0.05,0.03
191,0.02,0.05,0.04
192,0.03,0.06,0.04
193,0.03,0.06,0.04
194,0.03,0.06,0.04
195,0.03,0.06,0.05
196,0.03,0.07,0.05
197,0.04,0.07,0.05
198,0.04,0.07,0.05
199,0.04,0.07,0.05
200,0.04,0.07,0.05
201,0.03,0.07,0.05
202,0.03,0.06,0.04
203,0.02,0.05,0.03
204,0.02,0.04,0.03
205,0.02,0.04,0.03
206,0.02,0.05,0.04
207,0.03,0.06,0.04
208,0.03,0.06,0.04
209,0.03,0.06,0.04
210,0.03,0.06,0.04
211,0.03,0.06,0.04
212,0.02,0.05,0.03
213,0.02,0.05,0.03
214,0.02,0.05,0.03
215,0.02,0.05,0.03
216,0.02,0.05,0.03
217,0.02,0.05,0.03
218,0.01,0.04,0.02
219,0.01,0.03,0.02
220,0.0,0.03,0.01
221,0.0,0.02,0.01
222,0.0,0.02,0.01
223,0.0,0.03,0.01
224,0.0,0.03,0.0
